chain_1,res_1,chain_2,res_2,CARBONPI,CATIONPI,DONORPI,HALOGENPI,METSULPHURPI,PI-PI_STACKING,aromatic,carbonyl,clash,halogen_bond,hydrogen_bond,hydrophobic,ionic,metal_complex,polar,vdw,vdw_clash,weak_hydrogen_bond,weak_polar
A,485,A,226,0,0,0,0,0,0,0,0,0,0,0,1,0,0,0,0,0,0,0
A,485,A,227,0,0,0,0,0,0,0,0,0,0,0,1,0,0,0,0,0,0,0
A,485,A,230,0,0,0,0,0,0,0,0,0,0,0,1,0,0,0,0,0,0,0
A,485,A,265,0,0,0,0,0,0,0,0,0,0,0,1,0,0,0,0,0,0,0
A,485,A,269,1,0,0,0,0,0,0,0,0,0,0,1,0,0,0,0,0,0,0
A,485,A,481,0,0,0,0,0,0,0,0,0,0,1,1,0,0,1,0,0,0,1
A,485,A,482,0,0,0,0,0,0,0,1,0,0,1,0,0,0,1,1,0,0,0
A,485,A,483,0,0,0,0,0,0,0,0,0,0,0,0,0,0,0,1,0,0,0
A,485,A,487,0,0,0,0,0,0,0,0,0,0,0,0,0,0,1,0,0,0,0
A,485,A,488,0,0,0,0,0,0,0,0,0,0,1,0,0,0,1,0,0,0,0
A,485,A,489,0,0,0,0,0,0,0,0,0,0,1,1,0,0,1,0,1,1,1
